run_id,city,city_slug,hotspot_rank,cell_id,centroid_latitude,centroid_longitude,p10,p50,p90,uncertainty_width,relative_uncertainty,confidence_score,confidence_band,hotspot_priority_class,planning_interpretation,verification_need
city1_v3_rf500m_e20_20260618T040646Z,Almaty,almaty,10,Z1406,43.2476821795118,76.94029709454135,1826.910408500963,1873.0060916404132,1889.4802946614377,62.569886160474645,0.0334061306259152,0.751246087473222,high,high_value_high_confidence,Strong planning-screening candidate.,Optional local verification before operational use.
city1_v3_rf500m_e20_20260618T040646Z,Almaty,almaty,11,Z1481,43.2655765249862,76.94702627196736,1836.220699572425,1871.993978851285,1894.913426369736,58.69272679731076,0.0313530531937535,0.7536714142732023,high,high_value_high_confidence,Strong planning-screening candidate.,Optional local verification before operational use.
city1_v3_rf500m_e20_20260618T040646Z,Almaty,almaty,12,Z1340,43.261285780933335,76.93456890796047,1865.9880211293432,1871.4983226146005,1908.635299799484,42.647278670140736,0.0227877728528016,0.7637896902012474,high,high_value_high_confidence,Strong planning-screening candidate.,Optional local verification before operational use.
city1_v3_rf500m_e20_20260618T040646Z,Almaty,almaty,13,Z1013,43.2303034215508,76.90280250915286,1804.8630078633896,1870.8035897841528,1920.5089699491257,115.64596208573612,0.0618161963753121,0.7176849110792738,high,high_value_high_confidence,Strong planning-screening candidate.,Optional local verification before operational use.
city1_v3_rf500m_e20_20260618T040646Z,Almaty,almaty,14,Z1620,43.25186706527538,76.95890799894406,1836.1174498260043,1869.3427124474872,1909.3293493650535,73.21189953904921,0.0391645143779946,0.7444436346189308,high,high_value_high_confidence,Strong planning-screening candidate.,Optional local verification before operational use.
city1_v3_rf500m_e20_20260618T040646Z,Almaty,almaty,16,Z1409,43.26118145192816,76.94072588236077,1799.9400413837775,1862.0924561736167,1933.825372939808,133.88533155602988,0.0719004747117383,0.7057722232650383,high,high_value_high_confidence,Strong planning-screening candidate.,Optional local verification before operational use.
city1_v3_rf500m_e20_20260618T040646Z,Almaty,almaty,17,Z1477,43.24757756839072,76.94645267771443,1823.3946591124263,1860.8522793475563,1936.31549560513,112.92083649270356,0.0606823216146395,0.7190243719304823,high,high_value_high_confidence,Strong planning-screening candidate.,Optional local verification before operational use.
city1_v3_rf500m_e20_20260618T040646Z,Almaty,almaty,18,Z1548,43.25197235489364,76.95275202938912,1841.8383548700608,1859.002964497727,1906.788411669768,64.95005679970696,0.0349381136233182,0.7494363362370968,high,high_value_high_confidence,Strong planning-screening candidate.,Optional local verification before operational use.
city1_v3_rf500m_e20_20260618T040646Z,Almaty,almaty,19,Z1479,43.25657705455893,76.94673940866791,1826.4270073284265,1858.1901517289184,1890.0309603472156,63.603953018789056,0.0342289797196535,0.7502740452462118,high,high_value_high_confidence,Strong planning-screening candidate.,Optional local verification before operational use.
city1_v3_rf500m_e20_20260618T040646Z,Almaty,almaty,20,Z951,43.22140585950109,76.89636940643064,1786.3453961145765,1858.0460617150584,1877.8884160982343,91.54301998365804,0.0492684341200668,0.732507744159361,high,high_value_high_confidence,Strong planning-screening candidate.,Optional local verification before operational use.
city1_v3_rf500m_e20_20260618T040646Z,Almaty,almaty,21,Z1619,43.24736735308527,76.95876374475115,1818.3394385378328,1854.088780259489,1912.9326628781707,94.59322434033832,0.0510187135305891,0.7304401165602773,high,high_value_high_confidence,Strong planning-screening candidate.,Optional local verification before operational use.
city1_v3_rf500m_e20_20260618T040646Z,Almaty,almaty,22,Z1551,43.26547151720838,76.95318363322583,1844.9157178474595,1852.9511202423564,1902.131513073682,57.21579522622249,0.0308781999704012,0.7542323644987574,high,high_value_high_confidence,Strong planning-screening candidate.,Optional local verification before operational use.
city1_v3_rf500m_e20_20260618T040646Z,Almaty,almaty,23,Z1482,43.27007625429663,76.94716975326946,1815.7731576771328,1850.7000698475088,1913.210819842672,97.43766216553897,0.052649083313412,0.7285141397479976,high,high_value_high_confidence,Strong planning-screening candidate.,Optional local verification before operational use.
city1_v3_rf500m_e20_20260618T040646Z,Almaty,almaty,24,Z1622,43.26086647783588,76.95919660719703,1820.808901871644,1848.5139851772597,1883.811840161956,63.00293829031184,0.0340830195473313,0.7504464698767286,high,high_value_high_confidence,Strong planning-screening candidate.,Optional local verification before operational use.
city1_v3_rf500m_e20_20260618T040646Z,Almaty,almaty,25,Z1075,43.23470071889486,76.90909698204946,1813.4135155193828,1846.0475211687508,1885.8511575285056,72.43764200912307,0.039239315986439,0.7443552705159507,high,high_value_high_confidence,Strong planning-screening candidate.,Optional local verification before operational use.
city1_v3_rf500m_e20_20260618T040646Z,Almaty,almaty,28,Z1407,43.25218194091667,76.94043999083834,1791.7041575909398,1841.090297681484,1887.6292480381323,95.92509044719272,0.0521023279346987,0.7291600289152808,high,high_value_high_confidence,Strong planning-screening candidate.,Optional local verification before operational use.
city1_v3_rf500m_e20_20260618T040646Z,Almaty,almaty,30,Z1336,43.24328667796867,76.9339990676171,1810.908537218328,1837.091777461318,1854.9611328291307,44.05259561080259,0.0239795290313034,0.7623818532860468,high,high_value_high_confidence,Strong planning-screening candidate.,Optional local verification before operational use.
city1_v3_rf500m_e20_20260618T040646Z,Almaty,almaty,31,Z1014,43.23480329566228,76.90294256011435,1798.3099722998727,1834.7313636515976,1894.8777272408536,96.56775494098083,0.0526331848106556,0.7285329208539659,high,high_value_high_confidence,Strong planning-screening candidate.,Optional local verification before operational use.
city1_v3_rf500m_e20_20260618T040646Z,Almaty,almaty,32,Z901,43.23050755046374,76.89049447303309,1798.190949812004,1830.248459478232,1890.952191139692,92.76124132768774,0.0506823217620039,0.730837500486895,high,high_value_high_confidence,Strong planning-screening candidate.,Optional local verification before operational use.
city1_v3_rf500m_e20_20260618T040646Z,Almaty,almaty,33,Z1007,43.20330409461178,76.90196288143984,1792.9837954005402,1828.4926734667956,1927.4138601864183,134.430064785878,0.0735196081103243,0.7038595201381042,high,high_value_high_confidence,Strong planning-screening candidate.,Optional local verification before operational use.
city1_v3_rf500m_e20_20260618T040646Z,Almaty,almaty,35,Z905,43.24850715107861,76.89105125120724,1801.0787165604272,1824.797933367464,1870.729888775823,69.6511722153959,0.0381692520260927,0.7456193508472942,high,high_value_high_confidence,Strong planning-screening candidate.,Optional local verification before operational use.
city1_v3_rf500m_e20_20260618T040646Z,Almaty,almaty,36,Z846,43.1991095558179,76.88337044349821,1804.1083880029348,1821.951517668637,1865.2157733235344,61.10738532059979,0.0335395232683208,0.7510885090275782,high,high_value_high_confidence,Strong planning-screening candidate.,Optional local verification before operational use.
city1_v3_rf500m_e20_20260618T040646Z,Almaty,almaty,37,Z1076,43.2392005730523,76.90923751770487,1802.4506416061956,1821.8048642637305,1851.5990594485083,49.14841784231296,0.0269778716735263,0.7588398725249754,high,high_value_high_confidence,Strong planning-screening candidate.,Optional local verification before operational use.
city1_v3_rf500m_e20_20260618T040646Z,Almaty,almaty,38,Z1615,43.22936846492894,76.95818706065755,1804.4079023254756,1819.5992605722715,1847.2534075668727,42.84550524139781,0.0235466710554293,0.7628931939851491,high,high_value_high_confidence,Strong planning-screening candidate.,Optional local verification before operational use.
city1_v3_rf500m_e20_20260618T040646Z,Almaty,almaty,39,Z1405,43.24318241417438,76.94015423120851,1813.3007214822196,1819.0674558459305,1848.424697510056,35.12397602783688,0.0193087814940337,0.7678994674785883,high,high_value_high_confidence,Strong planning-screening candidate.,Optional local verification before operational use.
city1_v3_rf500m_e20_20260618T040646Z,Astana,astana,254,Z1546,51.08938857702796,71.42759578559381,1494.8005327726617,1852.6500239936415,2160.571907693108,665.7713749204461,0.3593616529285355,0.3795981455066608,low,high_value_low_confidence,Potentially important but requires local verification.,Local verification recommended before strong interpretation.
city1_v3_rf500m_e20_20260618T040646Z,Astana,astana,281,Z1757,51.14733860619154,71.4520852582022,1362.035555988709,1781.168816405123,2037.9206643695989,675.88510838089,0.3794615659985602,0.3629338608595072,low,high_value_low_confidence,Potentially important but requires local verification.,Local verification recommended before strong interpretation.
city1_v3_rf500m_e20_20260618T040646Z,Astana,astana,309,Z1174,51.19808344146054,71.39036242118051,1346.9166182538231,1713.528020915816,2149.165937903241,802.2493196494179,0.4681857021635665,0.2893751218253857,low,high_value_low_confidence,Potentially important but requires local verification.,Local verification recommended before strong interpretation.
city1_v3_rf500m_e20_20260618T040646Z,Astana,astana,344,Z1536,51.04446694814008,71.42524575472522,1288.92056679926,1638.843654935693,1869.677763778848,580.757196979588,0.3543701043296753,0.3837365010503748,low,high_value_low_confidence,Potentially important but requires local verification.,Local verification recommended before strong interpretation.
city1_v3_rf500m_e20_20260618T040646Z,Astana,astana,1651,Z1274,51.05403983748244,71.39720522307194,0.0015268747330105,0.002535832196932,0.0026968622030859,0.0011699874700754,0.4613820549683525,0.2950158384346997,low,low_value_high_uncertainty,Caution zone; avoid strong conclusions without additional evidence.,Additional evidence required; avoid definitive prioritization.
city1_v3_rf500m_e20_20260618T040646Z,Astana,astana,1669,Z529,51.105181460186365,71.31413473247247,0.0018310336003813,0.0025145797621754,0.0027522140053263,0.0009211804049449,0.3663357268683553,0.373816132774637,low,low_value_high_uncertainty,Caution zone; avoid strong conclusions without additional evidence.,Additional evidence required; avoid definitive prioritization.
city1_v3_rf500m_e20_20260618T040646Z,Astana,astana,1673,Z358,51.10111083010544,71.29250436876637,0.0017434359295197,0.0025092628916194,0.0026864808640237,0.0009430449345039,0.3758254815202981,0.3659484384119454,low,low_value_high_uncertainty,Caution zone; avoid strong conclusions without additional evidence.,Additional evidence required; avoid definitive prioritization.
city1_v3_rf500m_e20_20260618T040646Z,Astana,astana,1674,Z2300,51.20467293555263,71.5052401287679,0.0022133780570725,0.0025078574730401,0.0122705649567126,0.0100571868996401,4.010270522849232,0.277535,low,low_value_high_uncertainty,Caution zone; avoid strong conclusions without additional evidence.,Additional evidence required; avoid definitive prioritization.
city1_v3_rf500m_e20_20260618T040646Z,Astana,astana,1677,Z1254,51.25633477163312,71.40055014937508,0.0017460696017481,0.0025049048429893,0.0026806437088203,0.0009345741070722,0.3730976486743178,0.3682100095369998,low,low_value_high_uncertainty,Caution zone; avoid strong conclusions without additional evidence.,Additional evidence required; avoid definitive prioritization.
city1_v3_rf500m_e20_20260618T040646Z,Astana,astana,1687,Z1,51.1037208692827,71.22400310706887,0.0018707446732765,0.0024894345481456,0.002717440821671,0.0008466961483944,0.3401158504147715,0.3955543106022481,low,low_value_high_uncertainty,Caution zone; avoid strong conclusions without additional evidence.,Additional evidence required; avoid definitive prioritization.
city1_v3_rf500m_e20_20260618T040646Z,Astana,astana,1687,Z1810,51.05734790817078,71.45446197351419,0.0018707446732765,0.0024894345481456,0.002717440821671,0.0008466961483944,0.3401158504147715,0.3955543106022481,low,low_value_high_uncertainty,Caution zone; avoid strong conclusions without additional evidence.,Additional evidence required; avoid definitive prioritization.
city1_v3_rf500m_e20_20260618T040646Z,Astana,astana,1690,Z3430,51.10863255430231,71.72106917165378,0.001684328833994,0.0024864594805474,0.0026151575628532,0.0009308287288591,0.3743590982042555,0.3671641764549529,low,low_value_high_uncertainty,Caution zone; avoid strong conclusions without additional evidence.,Additional evidence required; avoid definitive prioritization.
city1_v3_rf500m_e20_20260618T040646Z,Astana,astana,1697,Z3121,51.17104555748132,71.60356460700693,0.0018401117631274,0.002478172555226,0.0027185412515187,0.0008784294883913,0.3544666357227093,0.3836564695295766,low,low_value_high_uncertainty,Caution zone; avoid strong conclusions without additional evidence.,Additional evidence required; avoid definitive prioritization.
city1_v3_rf500m_e20_20260618T040646Z,Astana,astana,1711,Z3077,51.13976385704691,71.59465487799933,0.0018022115543735,0.0024652479186441,0.0027418394663845,0.0009396279120109,0.3811494596161169,0.3615344747229062,low,low_value_high_uncertainty,Caution zone; avoid strong conclusions without additional evidence.,Additional evidence required; avoid definitive prioritization.
city1_v3_rf500m_e20_20260618T040646Z,Astana,astana,1711,Z550,51.19952299887024,71.31886072538461,0.0018022115543735,0.0024652479186441,0.0027186537659025,0.0009164422115289,0.3717444418462349,0.3693319160691866,low,low_value_high_uncertainty,Caution zone; avoid strong conclusions without additional evidence.,Additional evidence required; avoid definitive prioritization.
city1_v3_rf500m_e20_20260618T040646Z,Astana,astana,1722,Z3282,51.33598492241874,71.66330191986246,0.001675331243446,0.0024485091218273,0.0027177531167451,0.0010424218732991,0.4257373860715399,0.3245678522459363,low,low_value_high_uncertainty,Caution zone; avoid strong conclusions without additional evidence.,Additional evidence required; avoid definitive prioritization.
city1_v3_rf500m_e20_20260618T040646Z,Astana,astana,1734,Z2639,51.10059213267436,71.53531969938932,0.0015917358491474,0.0024419357648761,0.0026248168567362,0.0010330810075888,0.4230582239091923,0.3267890718469218,low,low_value_high_uncertainty,Caution zone; avoid strong conclusions without additional evidence.,Additional evidence required; avoid definitive prioritization.
city1_v3_rf500m_e20_20260618T040646Z,Astana,astana,1738,Z3086,51.1801874301514,71.59692496134201,0.0015922832375215,0.0024396477456153,0.0027602831160192,0.0011679998784976,0.4787575913763947,0.2806102594855844,low,low_value_high_uncertainty,Caution zone; avoid strong conclusions without additional evidence.,Additional evidence required; avoid definitive prioritization.
city1_v3_rf500m_e20_20260618T040646Z,Astana,astana,1744,Z590,51.1095324174635,71.32149578478644,0.0015541614563876,0.00243598302358,0.0026890650126443,0.0011349035562566,0.4658914061678345,0.2912772594816286,low,low_value_high_uncertainty,Caution zone; avoid strong conclusions without additional evidence.,Additional evidence required; avoid definitive prioritization.
city1_v3_rf500m_e20_20260618T040646Z,Astana,astana,1747,Z1381,51.24256395260852,71.41416160038955,0.0014828461389645,0.0024315390720541,0.0026378331631964,0.0011549870242318,0.4750024531812785,0.2837235411975404,low,low_value_high_uncertainty,Caution zone; avoid strong conclusions without additional evidence.,Additional evidence required; avoid definitive prioritization.
city1_v3_rf500m_e20_20260618T040646Z,Astana,astana,1753,Z1846,51.21905989388263,71.46305659003625,0.0018216823775996,0.0024267042885618,0.0027227886603323,0.0009011062827327,0.3713292497071349,0.3696761404429497,low,low_value_high_uncertainty,Caution zone; avoid strong conclusions without additional evidence.,Additional evidence required; avoid definitive prioritization.
city1_v3_rf500m_e20_20260618T040646Z,Astana,astana,1753,Z3186,51.10319485602717,71.6211778200895,0.0018216823775996,0.0024267042885618,0.0027227886603323,0.0009011062827327,0.3713292497071349,0.3696761404429497,low,low_value_high_uncertainty,Caution zone; avoid strong conclusions without additional evidence.,Additional evidence required; avoid definitive prioritization.
city1_v3_rf500m_e20_20260618T040646Z,Astana,astana,1761,Z676,51.23068503208732,71.3347522818943,0.0019098450624151,0.0024240563212988,0.00272294059633,0.0008130955339149,0.3354276576706106,0.3994411621571399,low,low_value_high_uncertainty,Caution zone; avoid strong conclusions without additional evidence.,Additional evidence required; avoid definitive prioritization.
city1_v3_rf500m_e20_20260618T040646Z,Astana,astana,1766,Z165,51.10615988764965,71.26418187629312,0.0017157408392938,0.0024213230964961,0.0027219835351582,0.0010062426958643,0.4155755575621043,0.3329927445440693,low,low_value_high_uncertainty,Caution zone; avoid strong conclusions without additional evidence.,Additional evidence required; avoid definitive prioritization.
city1_v3_rf500m_e20_20260618T040646Z,Astana,astana,1771,Z3203,51.17933750978133,71.62386075593457,0.0014397664367553,0.0024144937443797,0.0026393360788794,0.001199569642124,0.4968203561994106,0.277535,low,low_value_high_uncertainty,Caution zone; avoid strong conclusions without additional evidence.,Additional evidence required; avoid definitive prioritization.
city1_v3_rf500m_e20_20260618T040646Z,Semey,semey,1,Z535,50.40236223570973,80.25236326168267,783.6063559370406,1043.480391359593,1568.2821577461168,784.6758018090763,0.7519794414025261,0.360255,low,high_value_low_confidence,Potentially important but requires local verification.,Local verification recommended before strong interpretation.
city1_v3_rf500m_e20_20260618T040646Z,Semey,semey,3,Z322,50.39753905575967,80.20319411375395,788.7287782618197,937.4102814297418,1359.1222907241404,570.3935124623206,0.6084779778522956,0.360255,low,high_value_low_confidence,Potentially important but requires local verification.,Local verification recommended before strong interpretation.
city1_v3_rf500m_e20_20260618T040646Z,Semey,semey,4,Z507,50.41130945110234,80.24518543008101,730.0235830052412,932.2438562185516,1265.2151789781312,535.1915959728901,0.5740897002462216,0.3655055229410923,low,high_value_low_confidence,Potentially important but requires local verification.,Local verification recommended before strong interpretation.
city1_v3_rf500m_e20_20260618T040646Z,Semey,semey,7,Z454,50.442691320569175,80.2306029930216,741.8226429313384,843.0944153076741,1309.864478257477,568.0418353261387,0.6737582707374958,0.360255,low,high_value_low_confidence,Potentially important but requires local verification.,Local verification recommended before strong interpretation.
city1_v3_rf500m_e20_20260618T040646Z,Semey,semey,8,Z563,50.402407234208255,80.25939826841137,728.004882988422,840.8060466539089,1170.5932195349385,442.58833654651625,0.5263857679281102,0.3983071954465415,low,high_value_low_confidence,Potentially important but requires local verification.,Local verification recommended before strong interpretation.
city1_v3_rf500m_e20_20260618T040646Z,Semey,semey,9,Z679,50.40707933814127,80.28747105274327,679.5169310531469,840.228269293884,1182.2660912157328,502.7491601625859,0.5983483043067442,0.360255,low,high_value_low_confidence,Potentially important but requires local verification.,Local verification recommended before strong interpretation.
city1_v3_rf500m_e20_20260618T040646Z,Semey,semey,11,Z324,50.406531612788015,80.20304332189426,695.6771799076113,823.0950372212252,1161.451089304769,465.77390939715775,0.5658810809619431,0.3711498467609672,low,high_value_low_confidence,Potentially important but requires local verification.,Local verification recommended before strong interpretation.
city1_v3_rf500m_e20_20260618T040646Z,Semey,semey,12,Z385,50.402130862748734,80.21718850107483,721.3816693038956,811.8017573729663,1315.3628596982564,593.9811903943609,0.7316825628913586,0.360255,low,high_value_low_confidence,Potentially important but requires local verification.,Local verification recommended before strong interpretation.
city1_v3_rf500m_e20_20260618T040646Z,Semey,semey,17,Z541,50.42934015396424,80.25193851101544,580.7506163855618,744.6873399156411,1008.4422823397024,427.69166595414055,0.5743238041385125,0.3653445509030648,low,high_value_low_confidence,Potentially important but requires local verification.,Local verification recommended before strong interpretation.
city1_v3_rf500m_e20_20260618T040646Z,Semey,semey,21,Z829,50.42527502831864,80.32239349207018,577.7750602835557,724.7918117564894,1045.070925794704,467.2958655111484,0.6447311599432738,0.360255,low,high_value_low_confidence,Potentially important but requires local verification.,Local verification recommended before strong interpretation.
city1_v3_rf500m_e20_20260618T040646Z,Semey,semey,22,Z468,50.37079666372354,80.23879733508065,554.4621186838301,718.9384475473644,975.7720750162944,421.30995633246425,0.5860167275373153,0.360255,low,high_value_low_confidence,Potentially important but requires local verification.,Local verification recommended before strong interpretation.
city1_v3_rf500m_e20_20260618T040646Z,Semey,semey,30,Z511,50.42929468680753,80.244899526436,619.2651140436703,695.0751124929229,1006.7695731532896,387.5044591096192,0.557500120698919,0.3769126738586514,low,high_value_low_confidence,Potentially important but requires local verification.,Local verification recommended before strong interpretation.
city1_v3_rf500m_e20_20260618T040646Z,Semey,semey,33,Z467,50.36630032103196,80.23886926662101,565.9349143392319,690.4469541090189,1009.1941227446003,443.2592084053685,0.6419887954714326,0.360255,low,high_value_low_confidence,Potentially important but requires local verification.,Local verification recommended before strong interpretation.
city1_v3_rf500m_e20_20260618T040646Z,Semey,semey,37,Z453,50.4381950423444,80.2306758845434,556.6347854740609,681.0000037849114,923.52577312024,366.8909876461792,0.5387532828297293,0.3898031758868132,low,high_value_low_confidence,Potentially important but requires local verification.,Local verification recommended before strong interpretation.
city1_v3_rf500m_e20_20260618T040646Z,Semey,semey,47,Z624,50.42947400078393,80.27305557215288,572.598830859058,665.2264516931558,921.4021232797596,348.8032924207016,0.5243376770916374,0.3997154819674807,low,high_value_low_confidence,Potentially important but requires local verification.,Local verification recommended before strong interpretation.
city1_v3_rf500m_e20_20260618T040646Z,Semey,semey,51,Z566,50.41589623082058,80.25918797122482,641.3866263143419,662.7568153101803,694.1600748310667,52.77344851672481,0.0796271683634457,0.7055026101597527,high,high_value_high_confidence,Strong planning-screening candidate.,Optional local verification before operational use.
city1_v3_rf500m_e20_20260618T040646Z,Semey,semey,52,Z554,50.36194005183687,80.2600281989832,539.845181759781,662.3076144578425,930.7975964138986,390.95241465411766,0.5902882680492008,0.360255,low,high_value_low_confidence,Potentially important but requires local verification.,Local verification recommended before strong interpretation.
city1_v3_rf500m_e20_20260618T040646Z,Semey,semey,55,Z366,50.45603848826877,80.20925546952392,517.7634196186012,660.0553269558964,880.14406533139,362.3806457127888,0.5490155611409866,0.3827467368058397,low,high_value_low_confidence,Potentially important but requires local verification.,Local verification recommended before strong interpretation.
city1_v3_rf500m_e20_20260618T040646Z,Semey,semey,64,Z443,50.39323206372844,80.23140378144282,632.6819753469997,652.7640838581652,665.7242297178595,33.04225437085981,0.0506189834703579,0.7254489109069414,high,high_value_high_confidence,Strong planning-screening candidate.,Optional local verification before operational use.
city1_v3_rf500m_e20_20260618T040646Z,Semey,semey,77,Z506,50.4068131332567,80.24525686058197,625.5036489221184,641.77396929169,680.2451104047647,54.741461482646194,0.0852971047471167,0.7016039085780112,high,high_value_high_confidence,Strong planning-screening candidate.,Optional local verification before operational use.
city1_v3_rf500m_e20_20260618T040646Z,Semey,semey,80,Z536,50.4068585643349,80.25229251488201,618.2118325942705,640.031333965586,664.8298010161,46.6179684218294,0.0728370096085577,0.7101715871793534,high,high_value_high_confidence,Strong planning-screening candidate.,Optional local verification before operational use.
city1_v3_rf500m_e20_20260618T040646Z,Semey,semey,88,Z466,50.36180397477036,80.23894117989482,474.8616815685708,630.9635498816785,860.9910089315175,386.1293273629468,0.611967723706632,0.360255,low,high_value_low_confidence,Potentially important but requires local verification.,Local verification recommended before strong interpretation.
city1_v3_rf500m_e20_20260618T040646Z,Semey,semey,101,Z573,50.44737043147703,80.25869665361635,556.7825817204882,621.1109024518282,935.5274495712638,378.7448678507756,0.6097862174946287,0.360255,low,high_value_low_confidence,Potentially important but requires local verification.,Local verification recommended before strong interpretation.
city1_v3_rf500m_e20_20260618T040646Z,Semey,semey,162,Z145,50.42421965989614,80.16051267756028,558.0166224336973,576.9586274823203,599.8374168500876,41.82079441639028,0.0724849103979674,0.7104136939079598,high,medium_value_high_confidence,Stable secondary candidate.,Use as a secondary screening signal; verify if operationally important.
city1_v3_rf500m_e20_20260618T040646Z,Semey,semey,172,Z572,50.44287412779155,80.25876689540002,548.3589358946089,573.00811675242,590.7797116959857,42.42077580137681,0.0740317188555735,0.7093500938651646,high,medium_value_high_confidence,Stable secondary candidate.,Use as a secondary screening signal; verify if operationally important.
city1_v3_rf500m_e20_20260618T040646Z,Shymkent,shymkent,1,Z2676,42.31815615733506,69.58987905313943,1279.585592821769,1522.7291589501197,1750.7522869576717,471.1666941359025,0.3094225203257807,0.3202157856620322,low,high_value_low_confidence,Potentially important but requires local verification.,Local verification recommended before strong interpretation.
city1_v3_rf500m_e20_20260618T040646Z,Shymkent,shymkent,5,Z2463,42.34976827015514,69.57196247215776,1087.6704760234447,1292.2364020897803,1416.43857049144,328.76809446799524,0.2544179176010811,0.3839689668263571,low,high_value_low_confidence,Potentially important but requires local verification.,Local verification recommended before strong interpretation.
city1_v3_rf500m_e20_20260618T040646Z,Shymkent,shymkent,6,Z3181,42.35845494341442,69.63275649686283,1121.8684345234203,1290.5519031186195,1494.7622096646237,372.8937751412032,0.288941323661687,0.3439545525416592,low,high_value_low_confidence,Potentially important but requires local verification.,Local verification recommended before strong interpretation.
city1_v3_rf500m_e20_20260618T040646Z,Shymkent,shymkent,7,Z2602,42.31818720850323,69.58381168930903,1178.3877391969138,1272.6596718041496,1549.1308422383238,370.7431030414099,0.2913136255161103,0.3412049319206634,low,high_value_low_confidence,Potentially important but requires local verification.,Local verification recommended before strong interpretation.
city1_v3_rf500m_e20_20260618T040646Z,Shymkent,shymkent,8,Z3376,42.33583913247743,69.6507377555451,1097.242763663094,1265.364291118006,1468.701478974068,371.4587153109738,0.293558715002755,0.3386027570174365,low,high_value_low_confidence,Potentially important but requires local verification.,Local verification recommended before strong interpretation.
city1_v3_rf500m_e20_20260618T040646Z,Shymkent,shymkent,10,Z2528,42.31371508306075,69.57770312952917,1152.5604847153238,1249.18816881904,1500.852870587486,348.2923858721624,0.2788149892593297,0.3556914981735585,low,high_value_low_confidence,Potentially important but requires local verification.,Local verification recommended before strong interpretation.
city1_v3_rf500m_e20_20260618T040646Z,Shymkent,shymkent,11,Z2610,42.35420988582207,69.58414498368118,1146.036611684386,1247.4912968888254,1475.619599887351,329.58298820296454,0.264196623274989,0.3726349408812643,low,high_value_low_confidence,Potentially important but requires local verification.,Local verification recommended before strong interpretation.
city1_v3_rf500m_e20_20260618T040646Z,Shymkent,shymkent,14,Z2683,42.34967597842408,69.59017368239194,1067.7747004553937,1234.6957309117763,1375.049901323937,307.27520086854355,0.2488671444920542,0.3904026001241565,low,high_value_low_confidence,Potentially important but requires local verification.,Local verification recommended before strong interpretation.
city1_v3_rf500m_e20_20260618T040646Z,Shymkent,shymkent,15,Z2899,42.3270667290565,69.60816781377306,1119.6886274783114,1232.5982984383231,1420.664417179111,300.9757897007998,0.2441799490410866,0.3958353022242655,low,high_value_low_confidence,Potentially important but requires local verification.,Local verification recommended before strong interpretation.
city1_v3_rf500m_e20_20260618T040646Z,Shymkent,shymkent,16,Z2599,42.30467864540484,69.5836868611969,1144.7270658279658,1232.378179741606,1443.6431782735865,298.9161124456204,0.2425522598171078,0.3977218782712723,low,high_value_low_confidence,Potentially important but requires local verification.,Local verification recommended before strong interpretation.
city1_v3_rf500m_e20_20260618T040646Z,Shymkent,shymkent,20,Z3241,42.33140458580903,69.63855420453963,1103.507300109148,1217.578280255168,1498.6276540455062,395.1203539363583,0.3245133067366748,0.3027247832311786,low,high_value_low_confidence,Potentially important but requires local verification.,Local verification recommended before strong interpretation.
city1_v3_rf500m_e20_20260618T040646Z,Shymkent,shymkent,21,Z2462,42.34526543484914,69.5719216528513,1091.222766558137,1214.8790343669132,1438.826339567391,347.603573009254,0.2861219620852162,0.3472223385168093,low,high_value_low_confidence,Potentially important but requires local verification.,Local verification recommended before strong interpretation.
city1_v3_rf500m_e20_20260618T040646Z,Shymkent,shymkent,24,Z2824,42.322595924423446,69.60205667794534,1127.786865545259,1211.696641649432,1451.171197926392,323.38433238113294,0.2668855563888692,0.36951832824421,low,high_value_low_confidence,Potentially important but requires local verification.,Local verification recommended before strong interpretation.
city1_v3_rf500m_e20_20260618T040646Z,Shymkent,shymkent,29,Z3311,42.34487897531367,69.6447607644018,1088.8395387243424,1203.1717973726795,1397.956054095725,309.1165153713826,0.2569180195599568,0.3810712192703709,low,high_value_low_confidence,Potentially important but requires local verification.,Local verification recommended before strong interpretation.
city1_v3_rf500m_e20_20260618T040646Z,Shymkent,shymkent,34,Z2903,42.34507798855286,69.60834138753945,1064.357278442186,1194.8880829025784,1440.9730569249632,376.6157784827772,0.3151891661417493,0.3135319447250109,low,high_value_low_confidence,Potentially important but requires local verification.,Local verification recommended before strong interpretation.
city1_v3_rf500m_e20_20260618T040646Z,Shymkent,shymkent,38,Z2991,42.408084508300014,69.61502614398887,1021.4838330933648,1191.0645142512174,1352.9075363086552,331.42370321529035,0.2782583976348631,0.3563366166711279,low,high_value_low_confidence,Potentially important but requires local verification.,Local verification recommended before strong interpretation.
city1_v3_rf500m_e20_20260618T040646Z,Shymkent,shymkent,41,Z2686,42.36318441943194,69.59030009669118,1059.8856199946326,1187.6146184554752,1377.7554655453887,317.8698455507559,0.2676540357545903,0.3686276208888805,low,high_value_low_confidence,Potentially important but requires local verification.,Local verification recommended before strong interpretation.
city1_v3_rf500m_e20_20260618T040646Z,Shymkent,shymkent,42,Z2672,42.30014475217912,69.58971090541085,1069.1335939422795,1186.3578524236686,1387.404879613725,318.27128567144524,0.2682759548657542,0.3679067844533911,low,high_value_low_confidence,Potentially important but requires local verification.,Local verification recommended before strong interpretation.
city1_v3_rf500m_e20_20260618T040646Z,Shymkent,shymkent,43,Z3180,42.35395216528308,69.63271132529933,1084.1731150570797,1186.2886752058512,1439.5371353820924,355.36402032501286,0.2995594813912796,0.33164755822058,low,high_value_low_confidence,Potentially important but requires local verification.,Local verification recommended before strong interpretation.
city1_v3_rf500m_e20_20260618T040646Z,Shymkent,shymkent,46,Z2526,42.30470936111114,69.57762078496178,1107.9550495195062,1184.6827711344529,1413.4014821002686,305.44643258076223,0.2578297245669122,0.3800145059846163,low,high_value_low_confidence,Potentially important but requires local verification.,Local verification recommended before strong interpretation.
city1_v3_rf500m_e20_20260618T040646Z,Shymkent,shymkent,47,Z2826,42.33160157855506,69.60214255967836,1044.354557697038,1180.8003405888198,1359.8078716311516,315.4533139341136,0.2671521197028187,0.3692093675681182,low,high_value_low_confidence,Potentially important but requires local verification.,Local verification recommended before strong interpretation.
city1_v3_rf500m_e20_20260618T040646Z,Shymkent,shymkent,49,Z2831,42.35411565115935,69.60235743612694,1073.1822906491611,1176.6045740808695,1377.5469116110044,304.36462096184323,0.2586804672246021,0.3790284512165929,low,high_value_low_confidence,Potentially important but requires local verification.,Local verification recommended before strong interpretation.
city1_v3_rf500m_e20_20260618T040646Z,Shymkent,shymkent,52,Z3193,42.41248800109503,69.63329936328716,968.8163406286528,1173.8870527315778,1305.1837909695637,336.36745034091075,0.2865415795822947,0.3467359801215881,low,high_value_low_confidence,Potentially important but requires local verification.,Local verification recommended before strong interpretation.
city1_v3_rf500m_e20_20260618T040646Z,Shymkent,shymkent,58,Z2454,42.30924262349181,69.57159543459944,1053.604520985663,1167.4366531780051,1355.1444661764597,301.53994519079674,0.2582923402053056,0.3794783105183648,low,high_value_low_confidence,Potentially important but requires local verification.,Local verification recommended before strong interpretation.
city1_v3_rf500m_e20_20260618T040646Z,Shymkent,shymkent,60,Z3115,42.3584882886213,69.62668530597101,1051.235484689386,1165.2230151668427,1350.5299926304997,299.2945079411134,0.2568559872620254,0.3811431179139782,low,high_value_low_confidence,Potentially important but requires local verification.,Local verification recommended before strong interpretation.
